title,description,release_year,rating,special_features,name
"AIRPLANE SIERRA","A Touching Saga of a Hunter And a Butler who must Discover a Butler in A Jet Boat",2006,PG-13,"Trailers,Deleted Scenes",Comedy
"ANTHEM LUKE","A Touching Panorama of a Waitress And a Woman who must Outrace a Dog in An Abandoned Amusement Park",2006,PG-13,"Deleted Scenes,Behind the Scenes",Comedy
"BRINGING HYSTERICAL","A Fateful Saga of a A Shark And a Technical Writer who must Find a Woman in A Jet Boat",2006,PG,Trailers,Comedy
"CAPER MOTIONS","A Fateful Saga of a Moose And a Car who must Pursue a Woman in A MySQL Convention",2006,G,"Trailers,Commentaries,Deleted Scenes",Comedy
"CAT CONEHEADS","A Fast-Paced Panorama of a Girl And a A Shark who must Confront a Boy in Ancient India",2006,G,"Commentaries,Deleted Scenes",Comedy
"CLOSER BANG","A Unbelieveable Panorama of a Frisbee And a Hunter who must Vanquish a Monkey in Ancient India",2006,R,"Trailers,Behind the Scenes",Comedy
"CONNECTION MICROCOSMOS","A Fateful Documentary of a Crocodile And a Husband who must Face a Husband in The First Manned Space Station",2006,G,"Deleted Scenes,Behind the Scenes",Comedy
"CONTROL ANTHEM","A Fateful Documentary of a Robot And a Student who must Battle a Cat in A Monastery",2006,G,Commentaries,Comedy
"CRAZY HOME","A Fanciful Panorama of a Boy And a Woman who must Vanquish a Database Administrator in The Outback",2006,PG,"Commentaries,Deleted Scenes",Comedy
"DADDY PITTSBURGH","A Epic Story of a A Shark And a Student who must Confront a Explorer in The Gulf of Mexico",2006,G,"Deleted Scenes,Behind the Scenes",Comedy
"DOOM DANCING","A Astounding Panorama of a Car And a Mad Scientist who must Battle a Lumberjack in A MySQL Convention",2006,R,"Trailers,Commentaries",Comedy
"DOWNHILL ENOUGH","A Emotional Tale of a Pastry Chef And a Forensic Psychologist who must Succumb a Monkey in The Sahara Desert",2006,G,"Trailers,Commentaries,Deleted Scenes",Comedy
"DYING MAKER","A Intrepid Tale of a Boat And a Monkey who must Kill a Cat in California",2006,PG,"Behind the Scenes",Comedy
"ELEMENT FREDDY","A Awe-Inspiring Reflection of a Waitress And a Squirrel who must Kill a Mad Cow in A Jet Boat",2006,NC-17,"Commentaries,Behind the Scenes",Comedy
"FERRIS MOTHER","A Touching Display of a Frisbee And a Frisbee who must Kill a Girl in The Gulf of Mexico",2006,PG,"Trailers,Deleted Scenes,Behind the Scenes",Comedy
"FIREBALL PHILADELPHIA","A Amazing Yarn of a Dentist And a A Shark who must Vanquish a Madman in An Abandoned Mine Shaft",2006,PG,"Trailers,Commentaries,Behind the Scenes",Comedy
"FLINTSTONES HAPPINESS","A Fateful Story of a Husband And a Moose who must Vanquish a Boy in California",2006,PG-13,"Trailers,Commentaries,Deleted Scenes,Behind the Scenes",Comedy
"FRANKENSTEIN STRANGER","A Insightful Character Study of a Feminist And a Pioneer who must Pursue a Pastry Chef in Nigeria",2006,NC-17,"Deleted Scenes,Behind the Scenes",Comedy
"FREEDOM CLEOPATRA","A Emotional Reflection of a Dentist And a Mad Cow who must Face a Squirrel in A Baloon",2006,PG-13,"Trailers,Commentaries,Behind the Scenes",Comedy
"GOLD RIVER","A Taut Documentary of a Database Administrator And a Waitress who must Reach a Mad Scientist in A Baloon Factory",2006,R,"Trailers,Commentaries,Deleted Scenes,Behind the Scenes",Comedy
"GROUNDHOG UNCUT","A Brilliant Panorama of a Astronaut And a Technical Writer who must Discover a Butler in A Manhattan Penthouse",2006,PG-13,"Trailers,Commentaries,Deleted Scenes,Behind the Scenes",Comedy
"GUNFIGHT MOON","A Epic Reflection of a Pastry Chef And a Explorer who must Reach a Dentist in The Sahara Desert",2006,NC-17,"Deleted Scenes,Behind the Scenes",Comedy
"HATE HANDICAP","A Intrepid Reflection of a Mad Scientist And a Pioneer who must Overcome a Hunter in The First Manned Space Station",2006,PG,"Trailers,Commentaries,Behind the Scenes",Comedy
"HEAVEN FREEDOM","A Intrepid Story of a Butler And a Car who must Vanquish a Man in New Orleans",2006,PG,Commentaries,Comedy
"HEDWIG ALTER","A Action-Packed Yarn of a Womanizer And a Lumberjack who must Chase a Sumo Wrestler in A Monastery",2006,NC-17,"Trailers,Commentaries,Behind the Scenes",Comedy
"HURRICANE AFFAIR","A Lacklusture Epistle of a Database Administrator And a Woman who must Meet a Hunter in An Abandoned Mine Shaft",2006,PG,"Trailers,Commentaries,Behind the Scenes",Comedy
"HUSTLER PARTY","A Emotional Reflection of a Sumo Wrestler And a Monkey who must Conquer a Robot in The Sahara Desert",2006,NC-17,"Trailers,Commentaries,Behind the Scenes",Comedy
"JAWS HARRY","A Thrilling Display of a Database Administrator And a Monkey who must Overcome a Dog in An Abandoned Fun House",2006,G,"Deleted Scenes",Comedy
"KNOCK WARLOCK","A Unbelieveable Story of a Teacher And a Boat who must Confront a Moose in A Baloon",2006,PG-13,Trailers,Comedy
"LIFE TWISTED","A Thrilling Reflection of a Teacher And a Composer who must Find a Man in The First Manned Space Station",2006,NC-17,"Commentaries,Deleted Scenes",Comedy
"LION UNCUT","A Intrepid Display of a Pastry Chef And a Cat who must Kill a A Shark in Ancient China",2006,PG,"Trailers,Deleted Scenes",Comedy
"LONELY ELEPHANT","A Intrepid Story of a Student And a Dog who must Challenge a Explorer in Soviet Georgia",2006,G,"Trailers,Commentaries,Deleted Scenes,Behind the Scenes",Comedy
"MALLRATS UNITED","A Thrilling Yarn of a Waitress And a Dentist who must Find a Hunter in A Monastery",2006,PG,"Trailers,Commentaries,Deleted Scenes",Comedy
"MEMENTO ZOOLANDER","A Touching Epistle of a Squirrel And a Explorer who must Redeem a Pastry Chef in The Sahara Desert",2006,NC-17,"Behind the Scenes",Comedy
"MULAN MOON","A Emotional Saga of a Womanizer And a Pioneer who must Overcome a Dentist in A Baloon",2006,G,"Behind the Scenes",Comedy
"MYSTIC TRUMAN","A Epic Yarn of a Teacher And a Hunter who must Outgun a Explorer in Soviet Georgia",2006,NC-17,"Commentaries,Behind the Scenes",Comedy
"OPERATION OPERATION","A Intrepid Character Study of a Man And a Frisbee who must Overcome a Madman in Ancient China",2006,G,"Trailers,Commentaries,Deleted Scenes,Behind the Scenes",Comedy
"PARADISE SABRINA","A Intrepid Yarn of a Car And a Moose who must Outrace a Crocodile in A Manhattan Penthouse",2006,PG-13,"Commentaries,Deleted Scenes,Behind the Scenes",Comedy
"PARTY KNOCK","A Fateful Display of a Technical Writer And a Butler who must Battle a Sumo Wrestler in An Abandoned Mine Shaft",2006,PG,"Trailers,Behind the Scenes",Comedy
"PERFECT GROOVE","A Thrilling Yarn of a Dog And a Dog who must Build a Husband in A Baloon",2006,PG-13,"Commentaries,Deleted Scenes,Behind the Scenes",Comedy
"PINOCCHIO SIMON","A Action-Packed Reflection of a Mad Scientist And a A Shark who must Find a Feminist in California",2006,PG,"Commentaries,Behind the Scenes",Comedy
"PURE RUNNER","A Thoughtful Documentary of a Student And a Madman who must Challenge a Squirrel in A Manhattan Penthouse",2006,NC-17,"Trailers,Deleted Scenes",Comedy
"RUSHMORE MERMAID","A Boring Story of a Woman And a Moose who must Reach a Husband in A Shark Tank",2006,PG-13,"Trailers,Commentaries,Deleted Scenes",Comedy
"SADDLE ANTITRUST","A Stunning Epistle of a Feminist And a A Shark who must Battle a Woman in An Abandoned Fun House",2006,PG-13,"Trailers,Deleted Scenes",Comedy
"SATURN NAME","A Fateful Epistle of a Butler And a Boy who must Redeem a Teacher in Berlin",2006,R,"Trailers,Commentaries,Deleted Scenes,Behind the Scenes",Comedy
"SEARCHERS WAIT","A Fast-Paced Tale of a Car And a Mad Scientist who must Kill a Womanizer in Ancient Japan",2006,NC-17,"Trailers,Commentaries,Deleted Scenes,Behind the Scenes",Comedy
"SNATCH SLIPPER","A Insightful Panorama of a Woman And a Feminist who must Defeat a Forensic Psychologist in Berlin",2006,PG,Commentaries,Comedy
"STAGE WORLD","A Lacklusture Panorama of a Woman And a Frisbee who must Chase a Crocodile in A Jet Boat",2006,PG,"Commentaries,Behind the Scenes",Comedy
"STRICTLY SCARFACE","A Touching Reflection of a Crocodile And a Dog who must Chase a Hunter in An Abandoned Fun House",2006,PG-13,"Commentaries,Deleted Scenes,Behind the Scenes",Comedy
"SUBMARINE BED","A Amazing Display of a Car And a Monkey who must Fight a Teacher in Soviet Georgia",2006,R,Trailers,Comedy
"SWEDEN SHINING","A Taut Documentary of a Car And a Robot who must Conquer a Boy in The Canadian Rockies",2006,PG,"Deleted Scenes,Behind the Scenes",Comedy
"TRAINSPOTTING STRANGERS","A Fast-Paced Drama of a Pioneer And a Mad Cow who must Challenge a Madman in Ancient Japan",2006,PG-13,Trailers,Comedy
"TRAMP OTHERS","A Brilliant Display of a Composer And a Cat who must Succumb a A Shark in Ancient India",2006,PG,"Deleted Scenes",Comedy
"VALLEY PACKER","A Astounding Documentary of a Astronaut And a Boy who must Outrace a Sumo Wrestler in Berlin",2006,G,"Commentaries,Deleted Scenes",Comedy
"VELVET TERMINATOR","A Lacklusture Tale of a Pastry Chef And a Technical Writer who must Confront a Crocodile in An Abandoned Amusement Park",2006,R,"Behind the Scenes",Comedy
"VERTIGO NORTHWEST","A Unbelieveable Display of a Mad Scientist And a Mad Scientist who must Outgun a Mad Cow in Ancient Japan",2006,R,"Commentaries,Behind the Scenes",Comedy
"WISDOM WORKER","A Unbelieveable Saga of a Forensic Psychologist And a Student who must Face a Squirrel in The First Manned Space Station",2006,R,"Deleted Scenes,Behind the Scenes",Comedy
"ZORRO ARK","A Intrepid Panorama of a Mad Scientist And a Boy who must Redeem a Boy in A Monastery",2006,NC-17,"Trailers,Commentaries,Behind the Scenes",Comedy
